1,https://cdn.hypeauditor.com/img/instagram/user/305701719.jpg?w=150&till=1688113175&sign=40bf7fddda075bdcaceb796c15895a90,jlo,Jennifer Lopez,Music;Cinema & Actors/actresses,248.6M,United States,556.6K,817K
2,https://cdn.hypeauditor.com/img/instagram/user/1287006597.jpg?w=150&till=1688113175&sign=65ebf5ca3fac1f5cc31a1f2606b5816d,vindiesel,Vin Diesel,Cinema & Actors/actresses,96.6M,United States,602K,773.7K
3,https://cdn.hypeauditor.com/img/instagram/user/5405460985.jpg?w=150&till=1688113175&sign=dc1881c1e36912c18d46c120cbf125a9,realstraykids,Stray Kids,Music,25.8M,Indonesia,1.6M,1.9M
4,https://cdn.hypeauditor.com/img/instagram/user/1376331573.jpg?w=150&till=1688113175&sign=c9c0ea93fa4949c8452e447c984cc4c7,meganfox,Megan Fox,Cinema & Actors/actresses,21.2M,United States,1.4M,2.3M
5,https://cdn.hypeauditor.com/img/instagram/user/266319242.jpg?w=150&till=1688113175&sign=072506fb021406ce20cf362df43fa92f,theweeknd,Abel Tesfaye,Music,61.2M,United States,509.7K,690.4K
6,https://cdn.hypeauditor.com/img/instagram/user/26432547111.jpg?w=150&till=1688113175&sign=56d0961650d52473e11d8e99bf57369b,johnnydepp,Johnny Depp,Cinema & Actors/actresses;Music,28.2M,United States,956.3K,1.3M
7,https://cdn.hypeauditor.com/img/instagram/user/1999824.jpg?w=150&till=1688113175&sign=0c30b83780d29ec3dc6cbcce5e385ddf,emrata,Emily Ratajkowski,Modeling,30.2M,United States,837.7K,1.2M
8,https://cdn.hypeauditor.com/img/instagram/user/386189519.jpg?w=150&till=1688113175&sign=47697cf5eeefac14f56c97009136ba98,ester_exposito,Ester üåô,Cinema & Actors/actresses,27.4M,Mexico,821.4K,1.2M
9,https://cdn.hypeauditor.com/img/instagram/user/479550516.jpg?w=150&till=1688113175&sign=75478f95bf26036440822a9b52b86572,judebellingham,Jude Bellingham,Lifestyle;Sports with a ball,13M,United Kingdom,975.6K,2.5M
10,https://cdn.hypeauditor.com/img/instagram/user/7141291.jpg?w=150&till=1688113175&sign=078ec337703e28e0f40fa11db10b2397,haileybieber,Hailey Rhode Baldwin Bieber,Lifestyle;Modeling,49.8M,United States,482.2K,648.7K
11,https://cdn.hypeauditor.com/img/instagram/user/261081791.jpg?w=150&till=1688113175&sign=0024df409a205be86a17dac28479a2aa,feliciathegoat,"Tyler, The Creator",Music,14.2M,United States,1M,1.7M
12,https://cdn.hypeauditor.com/img/instagram/user/7996847.jpg?w=150&till=1688113175&sign=1be6f7e0eb3230874ac83e2fb06f51a1,iamhalsey,halsey,Music,31.8M,United States,489.6K,644.3K
13,https://cdn.hypeauditor.com/img/instagram/user/421468021.jpg?w=150&till=1688113175&sign=864301ed8f5a9b579ac1c6b56078add5,thenotoriousmma,Conor McGregor Official,Fitness & Gym,46.5M,United States,329.6K,438.1K
14,https://cdn.hypeauditor.com/img/instagram/user/39673499275.jpg?w=150&till=1688113175&sign=31fb19cefc9344f68ed50cdff2e9678e,enhypen,ENHYPEN,Lifestyle,13M,Indonesia,1.3M,1.6M
15,https://cdn.hypeauditor.com/img/instagram/user/303054725.jpg?w=150&till=1688113175&sign=ca2f4137f4c15c62da435d01a1394343,justintimberlake,Justin Timberlake,Music;Art/Artists;Cinema & Actors/actresses,70.3M,United States,214K,285.8K
16,https://cdn.hypeauditor.com/img/instagram/user/10685362.jpg?w=150&till=1688113175&sign=7220c8efdfd2a2a75414ba89b5e4d789,asaprocky,A$AP ROCKY,Music,17.1M,United States,689.3K,1.2M
17,https://cdn.hypeauditor.com/img/instagram/user/361836445.jpg?w=150&till=1688113175&sign=0e339fff29db2cfda8b31ea3c7bbe8d8,hoooooyeony,Hoyeon,Lifestyle;Music,21.1M,South Korea,699.3K,915.3K
18,https://cdn.hypeauditor.com/img/instagram/user/32406002.jpg?w=150&till=1688113175&sign=682b01e5476bf0c61d12462956e84d00,hannahstocking,Hannah Stocking,Modeling,25.2M,United States,570.1K,764.1K
19,https://cdn.hypeauditor.com/img/instagram/user/303947497.jpg?w=150&till=1688113175&sign=71747091cc0b14292859d6d3c055af9e,cznburak,Burak OÃàzdemir,Food & Cooking,48.7M,Turkey,243.9K,330.7K
20,https://cdn.hypeauditor.com/img/instagram/user/29449940.jpg?w=150&till=1688113175&sign=49e2ea81f816b287d8afb82053cfa2b8,evcenf,Fahriye Evcen √ñz√ßivit,Lifestyle;Beauty,13.6M,Turkey,935.5K,1.2M
21,https://cdn.hypeauditor.com/img/instagram/user/3172510187.jpg?w=150&till=1688113175&sign=cdccf1bb106a9567b1facc5bb863fe76,finnwolfhardofficial,Finn Wolfhard,Music;Cinema & Actors/actresses,24.7M,Brazil,466.6K,607.3K
22,https://cdn.hypeauditor.com/img/instagram/user/380088587.jpg?w=150&till=1688113175&sign=bf42ca46daed5ddcf7a71cfd0da820f6,kingryan,Ryan Garcia,Fitness & Gym,10.4M,United States,944.9K,1.4M
23,https://cdn.hypeauditor.com/img/instagram/user/942821982.jpg?w=150&till=1688113175&sign=7ad9db98ddd6f4f3b019f07978ae4dd0,aron.piper,ARONüåúüåû,Music;Lifestyle,13.1M,Brazil,450.4K,848.3K
24,https://cdn.hypeauditor.com/img/instagram/user/2964949070.jpg?w=150&till=1688113175&sign=fa179bf5aca4c8538f60a45dffba602f,bellapoarch,Bella Poarch,Lifestyle;Music,13M,United States,638.2K,824.9K
25,https://cdn.hypeauditor.com/img/instagram/user/210746792.jpg?w=150&till=1688113175&sign=2eb8179802af256f0d182dec5fd1e42d,realbarbarapalvin,Barbara Palvin,Modeling;Fashion,19.4M,Russia,403.9K,545.2K
26,https://cdn.hypeauditor.com/img/instagram/user/1777628093.jpg?w=150&till=1688113175&sign=c2c2690e90cd740bd8c411c804d9dab1,salmahayek,Salma Hayek Pinault,Cinema & Actors/actresses,24.9M,United States,338.1K,417.4K
27,https://cdn.hypeauditor.com/img/instagram/user/4575928060.jpg?w=150&till=1688113175&sign=d6ac44440d85f2ad54f9746dcea84ea4,adamweitsman,Adam Weitsman,Business & Careers,20M,Russia,372.2K,455.5K
28,https://cdn.hypeauditor.com/img/instagram/user/51794780308.jpg?w=150&till=1688113175&sign=2b70ca6380a3d6aad08e4503eb2990a5,jy_piece,Ï†ïÏó∞ (JEONGYEON),,7.5M,Brazil,950.3K,1.2M
29,https://cdn.hypeauditor.com/img/instagram/user/1665466078.jpg?w=150&till=1688113175&sign=76d94807c9963a5ec888b7a7edd72413,larissamanoela,Larissa Manoela,Cinema & Actors/actresses,49.2M,Brazil,100.7K,167K
30,https://cdn.hypeauditor.com/img/instagram/user/211949886.jpg?w=150&till=1688113175&sign=770942cd35b215e31be9d0a0c79dd6eb,thebursin,Kerem BuÃàrsin,Cinema & Actors/actresses,11.3M,Russia,568.5K,728.7K
31,https://cdn.hypeauditor.com/img/instagram/user/301424316.jpg?w=150&till=1688113175&sign=8d9fbdb2465492125c25278f0c72a4f7,neslihanatagul,Neslihan AtaguÃàl DogÃÜulu,Cinema & Actors/actresses;Modeling,14.1M,Turkey,463.3K,587.3K
32,https://cdn.hypeauditor.com/img/instagram/user/2057923573.jpg?w=150&till=1688113175&sign=221cf7fdf4a8def14ca40858914f74e3,jensenackles,Jensen Ackles,Cinema & Actors/actresses,10.9M,United States,547.4K,711.2K
33,https://cdn.hypeauditor.com/img/instagram/user/206022012.jpg?w=150&till=1688113175&sign=ba5aa1e6cd18d0d86f5b333ad0031d05,nina,Nina Dobrev,Cinema & Actors/actresses,26.4M,Brazil,195.2K,280.1K
34,https://cdn.hypeauditor.com/img/instagram/user/203296913.jpg?w=150&till=1688113175&sign=1a7aad1848f36e8a83a18ba11464dc24,amauryguichon,Amaury Guichon,Food & Cooking,11.6M,United States,515.7K,628.6K
35,https://cdn.hypeauditor.com/img/instagram/user/1506607755.jpg?w=150&till=1688113175&sign=2c779b8fcb7de3d2744356b8b1798ffb,leonardodicaprio,Leonardo DiCaprio,Cinema & Actors/actresses,59.1M,United States,88.1K,108.2K
36,https://cdn.hypeauditor.com/img/instagram/user/651115599.jpg?w=150&till=1688113175&sign=3c8e399c7b99bb5589f658ae571fdd85,snejanaonopka15,Snejana Onopka,Modeling,13.8M,Russia,388.4K,466.9K
37,https://cdn.hypeauditor.com/img/instagram/user/220428576.jpg?w=150&till=1688113175&sign=94fbea3b4ccad7c26c652c298c956a94,irinashayk,irina shayk,Modeling,22.3M,Russia,214.4K,271.7K
38,https://cdn.hypeauditor.com/img/instagram/user/25096719.jpg?w=150&till=1688113175&sign=be653f1ac53fdb3b39c2146866ba2f58,rosiehw,Rosie HW,Modeling,18.7M,United States,222.7K,319.9K
39,https://cdn.hypeauditor.com/img/instagram/user/8332952409.jpg?w=150&till=1688113175&sign=df6e01c1d864b1d0c13f9ab030a845a9,dk_is_dokyeom,ÎèÑÍ≤∏,Lifestyle;Music,5.3M,Indonesia,987.9K,1.1M
40,https://cdn.hypeauditor.com/img/instagram/user/26029182.jpg?w=150&till=1688113175&sign=1df3eda60b9fdce04cefa31406188d51,tatawerneck,Tata Werneck,Cinema & Actors/actresses;Family,56.1M,Brazil,59.1K,92K
41,https://cdn.hypeauditor.com/img/instagram/user/11244852.jpg?w=150&till=1688113175&sign=40cd81d2be9d70e2e82d99f8c3defb14,c.syresmith,Jaden Smith,Cinema & Actors/actresses;Lifestyle,19.9M,United States,144.3K,223.3K
42,https://cdn.hypeauditor.com/img/instagram/user/44611043315.jpg?w=150&till=1688113175&sign=394904ddc17c6c6dd0e0032901410357,hasbulla.hushetskiy,Hasbulla Magomedov,Lifestyle,8.6M,Russia,333.6K,505.2K
43,https://cdn.hypeauditor.com/img/instagram/user/352318531.jpg?w=150&till=1688113175&sign=ecdb9009de64def626cc15ee47b6fe92,subo_m,–°—É–±–æ –ú–∞–º–µ–¥–æ–≤,Shows,11.4M,Russia,289.5K,353.6K
44,https://cdn.hypeauditor.com/img/instagram/user/3320554260.jpg?w=150&till=1688113175&sign=820c586121ded7826c20a50e454a7934,tamaaev,–¢–∞–º–∞–µ–≤ –ê—Å—Ö–∞–±,Fitness & Gym,9.5M,Russia,294.6K,419.3K
45,https://cdn.hypeauditor.com/img/instagram/user/273497594.jpg?w=150&till=1688113175&sign=0a3cd64908b1ab9de0e1e6c3e0818420,anastasiya_kvitko,AK ü§ç,Lifestyle;Modeling,12.7M,United States,242.2K,296.5K
46,https://cdn.hypeauditor.com/img/instagram/user/1453290263.jpg?w=150&till=1688113175&sign=58f4be49297b85b10a986f82ff48e185,jeremyrenner,Jeremy Renner,Shows;Cinema & Actors/actresses,21M,United States,149.4K,179.2K
47,https://cdn.hypeauditor.com/img/instagram/user/18848562.jpg?w=150&till=1688113175&sign=2e47e343c2cc8a51980534a83cdf6347,miketyson,Mike Tyson,Fitness & Gym,21.5M,United States,133.7K,171.9K
48,https://cdn.hypeauditor.com/img/instagram/user/3065952778.jpg?w=150&till=1688113175&sign=053393fbcb7cc23f525b3f372cf7fb08,vladimirshmondenko,VLADIMIR1 & mr ANATOLY,Fitness & Gym,5.9M,Ukraine,494.2K,623.4K
49,https://cdn.hypeauditor.com/img/instagram/user/244686507.jpg?w=150&till=1688113175&sign=2e301ac32b4b6d6f2dc83a4f8817c825,mathildtantot,Mathilde,Lifestyle;Modeling,9.6M,United States,245.4K,371.7K
50,https://cdn.hypeauditor.com/img/instagram/user/335916623.jpg?w=150&till=1688113175&sign=2c743161ce4cd7e4184ec9ac2716fd4b,t22felton,Tom Felton,Music;Cinema & Actors/actresses,11.9M,United States,226.6K,293.6K
